"","date","pitch_type","release_speed","player_name","home_team","bb_type","inning","hit_distance_sc","launch_speed","launch_angle","release_spin_rate","pitch_name","DailyAverageDryBulbTemperature","DailyAverageStationPressure","DailyAverageWindSpeed","DailyDepartureFromNormalAverageTemperature","DailyCoolingDegreeDays","DailyHeatingDegreeDays","DailyMaximumDryBulbTemperature","DailyMinimumDryBulbTemperature","DailyPrecipitation","hit_dist_sc"
"1","2015/04/10","FT","89.6","Cameron Maybin","ATL","line_drive",1,"425",108.5,20.7,"1931","2-Seam Fastball",69,28.99,7,9.1,4,0,75,62,"0.64",425
"2","2015/04/11","FC","86.3","Freddie Freeman","ATL","fly_ball",2,"340",104.7,39.4,"2299","Cutter",66,29.03,4.9,5.8,1,0,79,53,"0.00",340
"3","2015/04/12","FF","91.1","Jonny Gomes","ATL","fly_ball",7,"429",99,37.3,"2308","4-Seam Fastball",61,29.1,4.4,0.5,0,4,70,51,"T",429
"4","2015/04/14","CH","84.1","A.J. Pierzynski","ATL","fly_ball",4,"390",97.8,28.7,"1604","Changeup",73,29,7.7,12,8,0,81,65,"0.17",390
"5","2015/04/14","FT","93.1","Freddie Freeman","ATL","line_drive",4,"396",101.6,29.8,"2055","2-Seam Fastball",73,29,7.7,12,8,0,81,65,"0.17",396
"6","2015/04/15","FC","82.1","Kelly Johnson","ATL","fly_ball",7,"394",97.7,30.8,"1505","Cutter",64,29.03,4.3,2.8,0,1,74,54,"0.29",394
"7","2015/04/15","FF","86.9","Cameron Maybin","ATL","fly_ball",6,"352",101,32.2,"1064","4-Seam Fastball",64,29.03,4.3,2.8,0,1,74,54,"0.29",352
"8","2015/04/27","SI","86.4","Kelly Johnson","ATL","fly_ball",6,"423",104.2,38.1,"2205","Sinker",60,28.79,5.9,-4.2,0,5,70,50,"0.00",423
"9","2015/05/01","FF","92.8","Kelly Johnson","ATL","fly_ball",5,"414",104.9,28.1,"2076","4-Seam Fastball",59,28.9,8.9,-6.1,0,6,71,46,"0.00",414
"10","2015/05/02","SI","88.0","Cameron Maybin","ATL","line_drive",5,"400",98.2,24.8,"1705","Sinker",61,29.03,1.6,-4.4,0,4,77,45,"0.00",400
"11","2015/05/03","CH","84.6","Jonny Gomes","ATL","line_drive",3,"399",104.6,23.1,"1485","Changeup",64,29.08,2.8,-1.6,0,1,79,49,"0.00",399
"12","2015/05/03","FC","88.0","Kelly Johnson","ATL","fly_ball",1,"430",102.5,27.7,"2335","Cutter",64,29.08,2.8,-1.6,0,1,79,49,"0.00",430
"13","2015/05/05","FF","93.4","Kelly Johnson","ATL","fly_ball",4,"443",105.5,30.9,"2183","4-Seam Fastball",67,29.21,3.1,0.8,2,0,81,53,"0.00",443
"14","2015/05/05","FF","91.8","Freddie Freeman","ATL","line_drive",1,"372",108.8,23.4,"1127","4-Seam Fastball",67,29.21,3.1,0.8,2,0,81,53,"0.00",372
"15","2015/05/06","FF","90.3","Andrelton Simmons","ATL","fly_ball",1,"401",99.6,28.3,"2063","4-Seam Fastball",68,29.12,2.2,1.6,3,0,82,53,"0.00",401
"16","2015/06/06","SL","84.1","Christian Bethancourt","ATL","fly_ball",9,"359",94.7,29,"null","Slider",77,28.92,2.8,2.3,12,0,90,64,"0.00",359
"17","2015/06/06","SI","93.4","Chris Johnson","ATL","fly_ball",2,"400",103.1,27.2,"2094","Sinker",77,28.92,2.8,2.3,12,0,90,64,"0.00",400
"18","2015/06/09","FF","95.5","Joey Terdoslavich","ATL","line_drive",8,"415",109.2,19.8,"2326","4-Seam Fastball",79,28.87,6.2,3.6,14,0,88,69,"T",415
"19","2015/06/11","FT","95.1","Freddie Freeman","ATL","fly_ball",6,"350",102.8,38,"2091","2-Seam Fastball",78,28.94,3.6,2.2,13,0,87,69,"0.03",350
"20","2015/06/30","FF","96.3","Juan Uribe","ATL","line_drive",9,"392",108.3,17.1,"2233","4-Seam Fastball",80,28.92,10,1,15,0,88,71,"T",392
"21","2015/07/01","SI","85.8","Juan Uribe","ATL","line_drive",4,"422",106.2,25.3,"1999","Sinker",77,29,6.9,-2.1,12,0,86,67,"0.07",422
"22","2015/07/01","FC","82.6","A.J. Pierzynski","ATL","line_drive",4,"369",100,25.3,"null","Cutter",77,29,6.9,-2.1,12,0,86,67,"0.07",369
"23","2015/07/03","SL","77.7","Juan Uribe","ATL","fly_ball",7,"416",105,37.2,"2316","Slider",76,28.92,9.6,-3.3,11,0,82,70,"0.25",416
"24","2015/07/03","FF","89.7","Jonny Gomes","ATL","line_drive",2,"451",105.9,30.6,"2393","4-Seam Fastball",76,28.92,9.6,-3.3,11,0,82,70,"0.25",451
"25","2015/07/04","SL","86.7","Cameron Maybin","ATL","fly_ball",2,"405",102.7,28.9,"1297","Slider",77,28.98,7.4,-2.3,12,0,86,68,"0.44",405
"26","2015/07/20","CH","80.1","Nick Markakis","ATL","fly_ball",1,"404",102,27.7,"2069","Changeup",85,28.87,4.5,5,20,0,96,74,"0.22",404
"27","2015/08/03","FT","94.4","A.J. Pierzynski","ATL","line_drive",9,"401",101,27.7,"2233","2-Seam Fastball",85,28.87,1.1,5.1,20,0,98,71,"0.00",401
"28","2015/08/03","FF","98.3","Chris Johnson","ATL","line_drive",7,"438",105.9,26,"2236","4-Seam Fastball",85,28.87,1.1,5.1,20,0,98,71,"0.00",438
"29","2015/08/03","CH","86.3","Jace Peterson","ATL","fly_ball",6,"385",103.3,37,"2230","Changeup",85,28.87,1.1,5.1,20,0,98,71,"0.00",385
"30","2015/08/06","CH","81.7","Adonis Garcia","ATL","fly_ball",5,"406",101.5,35,"1972","Changeup",81,28.89,7.7,1.2,16,0,90,72,"1.24",406
"31","2015/08/09","SL","85.6","Jonny Gomes","ATL","line_drive",7,"347",93,28.9,"null","Slider",82,28.93,3.4,2.3,17,0,93,71,"0.00",347
"32","2015/08/15","FT","96.9","Nick Swisher","ATL","fly_ball",8,"380",102.9,39.9,"2336","2-Seam Fastball",80,29.08,3.2,0.6,15,0,90,69,"0.00",380
"33","2015/08/16","FF","94.6","Cameron Maybin","ATL","line_drive",10,"403",106,23.9,"2447","4-Seam Fastball",80,29.09,3.5,0.7,15,0,89,71,"0.01",403
"34","2015/08/24","FS","80.8","Adonis Garcia","ATL","fly_ball",4,"419",104.5,27.1,"1340","Split Finger",81,28.91,6.5,2.5,16,0,90,71,"0.00",419
"35","2015/08/24","FC","87.8","Jonny Gomes","ATL","fly_ball",1,"449",107.5,27.8,"1911","Cutter",81,28.91,6.5,2.5,16,0,90,71,"0.00",449
"36","2015/08/26","SI","89.8","Adonis Garcia","ATL","fly_ball",6,"386",101,22.7,"2152","Sinker",73,28.92,4.6,-5.3,8,0,86,59,"0.00",386
"37","2015/08/26","SL","85.5","Jonny Gomes","ATL","fly_ball",6,"404",102.9,24.7,"1508","Slider",73,28.92,4.6,-5.3,8,0,86,59,"0.00",404
"38","2015/08/28","FF","94.1","Freddie Freeman","ATL","fly_ball",3,"432",107.7,26,"2283","4-Seam Fastball",76,29.05,4.5,-2,11,0,83,69,"0.00",432
"39","2015/08/30","FF","95.8","Adonis Garcia","ATL","line_drive",7,"378",105,19.6,"1142","4-Seam Fastball",71,29.05,3.9,-6.7,6,0,75,66,"0.34",378
"40","2015/09/11","SI","94.5","Daniel Castro","ATL","line_drive",5,"374",97.1,24.4,"1978","Sinker",77,28.84,6.4,2.1,12,0,86,67,"0.00",374
"41","2015/09/12","CH","79.8","Adonis Garcia","ATL","line_drive",8,"410",104,28,"null","Changeup",70,28.81,8,-4.6,5,0,79,61,"0.00",410
"42","2015/09/29","SI","93.7","A.J. Pierzynski","ATL","fly_ball",7,"424",106.7,25.9,"2070","Sinker",73,28.83,1.4,4.5,8,0,77,69,"0.90",424
"43","2015/09/29","CU","76.4","A.J. Pierzynski","ATL","line_drive",4,"370",103.7,24.7,"2658","Curveball",73,28.83,1.4,4.5,8,0,77,69,"0.90",370
"44","2015/10/02","SI","90.3","Daniel Castro","ATL","fly_ball",3,"364",94.3,33.5,"2328","Sinker",62,28.74,6.1,-5.4,0,3,65,59,"0.13",364
"45","2015/10/04","CH","82.5","Andrelton Simmons","ATL","fly_ball",7,"383",94.7,32.3,"1597","Changeup",67,28.71,6.5,0.4,2,0,70,63,"0.09",383
"46","2015/10/04","FF","90.5","Adonis Garcia","ATL","fly_ball",6,"408",108.3,25.7,"2134","4-Seam Fastball",67,28.71,6.5,0.4,2,0,70,63,"0.09",408
"47","2015/10/04","CU","78.1","Adonis Garcia","ATL","fly_ball",4,"363",99.1,35.5,"1085","Curveball",67,28.71,6.5,0.4,2,0,70,63,"0.09",363
"48","2016/04/04","SL","87.1","Adonis Garcia","ATL","line_drive",4,"393",100.4,24.3,"2457","Slider",58,29.03,6.4,-0.6,0,7,76,39,"0.00",393
"49","2016/04/10","SI","91.1","Drew Stubbs","ATL","line_drive",4,"420",110.6,19.3,"2282","Sinker",49,29.2,4,-11.2,0,16,61,37,"0.00",420
"50","2016/05/07","FF","92.6","Freddie Freeman","ATL","fly_ball",1,"386",104.9,36.6,"2220","4-Seam Fastball",63,28.9,7.8,-3.9,0,2,80,45,"0.00",386
"51","2016/05/10","CH","84.8","Freddie Freeman","ATL","line_drive",9,"380",100.6,25.2,"1076","Changeup",73,29.05,4.9,5.3,8,0,84,61,"0.00",380
"52","2016/05/11","CH","84.8","Freddie Freeman","ATL","fly_ball",5,"402",102.2,33.8,"1920","Changeup",76,29.08,5.4,8,11,0,88,63,"0.00",402
"53","2016/05/25","SI","89.5","Gordon Beckham","ATL","fly_ball",6,"406",104.7,25.9,"2499","Sinker",74,29.13,3.9,2.2,9,0,88,59,"0.00",406
"54","2016/05/26","FF","96.8","Tyler Flowers","ATL","line_drive",1,"419",111.6,18.8,"1970","4-Seam Fastball",78,29.08,3,5.9,13,0,89,66,"0.01",419
"55","2016/05/28","SL","87.3","Gordon Beckham","ATL","fly_ball",7,"401",105.3,27.5,"2155","Slider",75,29.05,3.5,2.4,10,0,87,63,"0.00",401
"56","2016/06/01","CU","75.9","Freddie Freeman","ATL","fly_ball",11,"410",106.7,27.8,"2033","Curveball",82,28.95,3.5,8.4,17,0,94,70,"0.01",410
"57","2016/06/10","SL","83.9","Tyler Flowers","ATL","fly_ball",2,"427",105.2,32.2,"null","Slider",78,29.01,2.1,2.2,13,0,94,62,"0.00",427
"58","2016/06/10","CU","77.9","Adonis Garcia","ATL","fly_ball",2,"387",101,29.3,"2277","Curveball",78,29.01,2.1,2.2,13,0,94,62,"0.00",387
"59","2016/06/13","FF","95.5","Adonis Garcia","ATL","line_drive",8,"384",104,22.8,"2266","4-Seam Fastball",87,28.91,6.9,10.5,22,0,99,74,"0.00",384
"60","2016/06/13","SL","89.0","Freddie Freeman","ATL","fly_ball",5,"423",108,26.5,"2483","Slider",87,28.91,6.9,10.5,22,0,99,74,"0.00",423
"61","2016/06/15","FF","92.3","Freddie Freeman","ATL","fly_ball",6,"365",97.1,31.6,"2380","4-Seam Fastball",80,28.92,7.3,3.1,15,0,88,71,"0.01",365
"62","2016/06/16","FF","90.3","Freddie Freeman","ATL","fly_ball",3,"396",102.9,33.6,"2273","4-Seam Fastball",83,28.85,9.3,5.9,18,0,94,71,"0.00",396
"63","2016/06/23","FF","91.3","Adonis Garcia","ATL","line_drive",8,"397",106,22.9,"2295","4-Seam Fastball",83,29.01,8.9,4.8,18,0,95,70,"0.00",397
"64","2016/06/24","SI","92.2","Brandon Snyder","ATL","line_drive",5,"363",100,21.9,"2076","Sinker",86,29,7.8,7.6,21,0,96,76,"0.00",363
"65","2016/06/26","FF","90.9","Adonis Garcia","ATL","fly_ball",8,"403",104.6,30.1,"2101","4-Seam Fastball",83,29.08,6.8,4.4,18,0,92,74,"0.01",403
"66","2016/06/26","FF","88.0","Freddie Freeman","ATL","fly_ball",1,"389",101.9,29.3,"2286","4-Seam Fastball",83,29.08,6.8,4.4,18,0,92,74,"0.01",389
"67","2016/06/27","FF","94.3","Tyler Flowers","ATL","fly_ball",4,"401",106,28.6,"2162","4-Seam Fastball",84,29.01,5.7,5.2,19,0,96,72,"T",401
"68","2016/06/28","FF","95.7","Jace Peterson","ATL","fly_ball",9,"406",103,26.8,"2573","4-Seam Fastball",81,28.94,3.2,2.1,16,0,89,72,"0.04",406
"69","2016/07/01","FF","93.0","Tyler Flowers","ATL","line_drive",9,"417",110.4,22.1,"2543","4-Seam Fastball",85,28.94,6.4,5.8,20,0,96,73,"0.00",417
"70","2016/07/01","FF","90.6","Chase d'Arnaud","ATL","fly_ball",5,"403",102.8,23,"1975","4-Seam Fastball",85,28.94,6.4,5.8,20,0,96,73,"0.00",403
"71","2016/07/02","CH","85.2","Jace Peterson","ATL","fly_ball",6,"376",100.6,34.6,"1521","Changeup",85,28.97,3.8,5.7,20,0,99,70,"0.00",376
"72","2016/07/02","FF","98.3","Freddie Freeman","ATL","fly_ball",1,"398",99.9,34.9,"2553","4-Seam Fastball",85,28.97,3.8,5.7,20,0,99,70,"0.00",398
"73","2016/07/16","SL","85.8","A.J. Pierzynski","ATL","line_drive",2,"390",106.8,23.1,"null","Slider",81,29.03,2.9,1.1,16,0,91,70,"0.65",390
"74","2016/07/31","FF","93.8","Jeff Francoeur","ATL","fly_ball",7,"382",101.4,23,"2719","4-Seam Fastball",83,29,3.3,3.1,18,0,94,71,"T",382
"75","2016/08/02","FF","89.9","Nick Markakis","ATL","line_drive",8,"409",102,26.6,"1759","4-Seam Fastball",83,29.01,5.4,3.1,18,0,92,74,"T",409
"76","2016/08/17","CU","82.9","Nick Markakis","ATL","fly_ball",9,"419",101.1,25.7,"null","Curveball",84,29.13,3.5,4.9,19,0,95,73,"0.27",419
"77","2016/08/17","CU","83.5","Freddie Freeman","ATL","fly_ball",3,"384",101.2,31,"null","Curveball",84,29.13,3.5,4.9,19,0,95,73,"0.27",384
"78","2016/08/19","CU","77.3","Nick Markakis","ATL","fly_ball",7,"383",100.6,31.6,"2685","Curveball",81,28.98,3.7,2,16,0,91,71,"0.13",383
"79","2016/08/19","SI","92.0","Ender Inciarte","ATL","line_drive",6,"369",99,25.3,"2143","Sinker",81,28.98,3.7,2,16,0,91,71,"0.13",369
"80","2016/08/21","SL","86.3","Matt Kemp","ATL","fly_ball",8,"367",95.9,37,"2200","Slider",81,28.92,6.4,2.2,16,0,89,73,"0.54",367
"81","2016/09/01","CH","81.5","Freddie Freeman","ATL","fly_ball",3,"389",106.5,26.3,"1395","Changeup",81,28.85,2.3,3.9,16,0,91,71,"1.49",389
"82","2016/09/09","FT","93.8","Matt Kemp","ATL","line_drive",2,"429",109.1,27.9,"2336","2-Seam Fastball",80,29,3,4.8,15,0,93,66,"0.00",429
"83","2016/09/10","FT","87.0","Matt Kemp","ATL","fly_ball",6,"447",110.4,26,"2110","2-Seam Fastball",79,29.01,4.1,4.1,14,0,92,66,"0.00",447
"84","2016/09/10","FT","84.9","Nick Markakis","ATL","fly_ball",4,"400",102.1,25.6,"2100","2-Seam Fastball",79,29.01,4.1,4.1,14,0,92,66,"0.00",400
"85","2016/09/11","CH","86.3","Brandon Snyder","ATL","fly_ball",7,"393",102,32.3,"1615","Changeup",81,29.03,5.1,6.4,16,0,91,70,"0.00",393
"86","2016/09/12","FF","90.9","Nick Markakis","ATL","fly_ball",2,"391",98.6,29.1,"2093","4-Seam Fastball",80,29.04,2.8,5.7,15,0,90,70,"T",391
"87","2016/09/13","FF","90.9","Matt Kemp","ATL","fly_ball",4,"434",107.9,33.7,"2151","4-Seam Fastball",79,29.09,4,5,14,0,88,69,"0.00",434
"88","2016/09/13","FF","90.6","Freddie Freeman","ATL","fly_ball",1,"416",108.6,32.4,"2152","4-Seam Fastball",79,29.09,4,5,14,0,88,69,"0.00",416
"89","2016/09/14","CU","84.7","Nick Markakis","ATL","fly_ball",2,"391",98.9,27.9,"862","Curveball",82,29.05,4.3,8.3,17,0,93,70,"0.00",391
"90","2016/09/27","FF","96.6","Tyler Flowers","ATL","line_drive",6,"417",107.4,26.7,"1989","4-Seam Fastball",79,28.9,3.7,10.1,14,0,89,68,"0.12",417
"91","2016/09/27","SL","81.3","Freddie Freeman","ATL","line_drive",4,"379",103.5,30.4,"2273","Slider",79,28.9,3.7,10.1,14,0,89,68,"0.12",379
"92","2016/09/28","SL","80.9","Matt Kemp","ATL","fly_ball",4,"423",106.8,29.8,"2386","Slider",73,28.87,4.9,4.5,8,0,86,60,"0.00",423
"93","2016/09/29","FF","93.4","Dansby Swanson","ATL","fly_ball",6,"378",99,29.2,"2145","4-Seam Fastball",68,28.92,6.6,-0.2,3,0,78,57,"0.00",378
"94","2016/09/30","FF","97.1","Matt Kemp","ATL","fly_ball",8,"401",103,34.5,"2324","4-Seam Fastball",64,28.97,5,-3.8,0,1,74,53,"0.00",401
"95","2016/09/30","FF","94.0","Brandon Snyder","ATL","fly_ball",7,"428",106.9,30.9,"2532","4-Seam Fastball",64,28.97,5,-3.8,0,1,74,53,"0.00",428
"96","2016/10/01","SL","88.9","Nick Markakis","ATL","line_drive",6,"368",97.6,27.1,"2405","Slider",64,29,2,-3.4,0,1,79,49,"0.00",368
"97","2016/10/01","SL","87.5","Freddie Freeman","ATL","fly_ball",4,"412",107.9,24.8,"2515","Slider",64,29,2,-3.4,0,1,79,49,"0.00",412
"98","2017/04/14","SI","90.2","Ender Inciarte","ATL","fly_ball",6,"354",99,40.4,"2157","Sinker",69,29.18,2.7,8,4,0,82,56,"0.00",354
"99","2017/04/15","FT","87.7","Adonis Garcia","ATL","fly_ball",6,"384",102.2,34.6,"1933","2-Seam Fastball",69,29.21,5.9,7.8,4,0,80,57,"0.00",384
"100","2017/04/15","FF","89.0","Brandon Phillips","ATL","fly_ball",6,"448",107,25.6,"2036","4-Seam Fastball",69,29.21,5.9,7.8,4,0,80,57,"0.00",448
"101","2017/04/16","FF","96.9","Ender Inciarte","ATL","fly_ball",7,"381",102.7,30.1,"2267","4-Seam Fastball",69,29.15,6.6,7.5,4,0,81,56,"0.00",381
"102","2017/04/17","FF","91.6","Freddie Freeman","ATL","fly_ball",8,"417",102.8,29.5,"2238","4-Seam Fastball",69,29.05,3.5,7.3,4,0,81,56,"0.28",417
"103","2017/04/17","CU","73.2","Freddie Freeman","ATL","fly_ball",3,"408",100.5,31.6,"2420","Curveball",69,29.05,3.5,7.3,4,0,81,56,"0.28",408
"104","2017/04/19","SI","93.0","Freddie Freeman","ATL","fly_ball",3,"420",102.2,29.1,"2078","Sinker",70,29.18,4.1,7.8,5,0,78,61,"0.01",420
"105","2017/05/01","SI","93.0","Ender Inciarte","ATL","fly_ball",1,"365",97,30.1,"2102","Sinker",68,28.84,10.3,2.9,3,0,75,60,"0.17",365
"106","2017/05/02","SL","90.7","Freddie Freeman","ATL","fly_ball",1,"422",107.2,34.1,"2295","Slider",65,28.94,7.5,-0.4,0,0,79,51,"0.00",422
"107","2017/05/06","FC","89.1","Adonis Garcia","ATL","line_drive",7,"424",103.5,26.1,"2164","Cutter",60,28.7,11.5,-6.4,0,5,73,46,"0.01",424
"108","2017/05/07","KC","84.0","Freddie Freeman","ATL","fly_ball",8,"408",99.4,30.7,"2161","Knuckle Curve",59,28.91,7,-7.7,0,6,69,48,"0.00",408
"109","2017/05/17","FT","94.6","Kurt Suzuki","ATL","fly_ball",1,"414",103.4,27.2,"2149","2-Seam Fastball",77,29,5.9,7.7,12,0,89,65,"0.00",414
"110","2017/05/19","SL","90.5","Kurt Suzuki","ATL","fly_ball",8,"390",102,27.1,"2378","Slider",79,29.02,4.4,9.1,14,0,90,68,"0.00",390
"111","2017/05/19","FT","91.6","Matt Kemp","ATL","fly_ball",3,"407",101.6,24,"2164","2-Seam Fastball",79,29.02,4.4,9.1,14,0,90,68,"0.00",407
"112","2017/05/19","FT","90.3","Dansby Swanson","ATL","fly_ball",2,"407",101.2,30.2,"2185","2-Seam Fastball",79,29.02,4.4,9.1,14,0,90,68,"0.00",407
"113","2017/05/20","SL","85.1","Tyler Flowers","ATL","fly_ball",8,"387",96.3,33.8,"2305","Slider",78,29.04,5.4,7.9,13,0,88,67,"0.17",387
"114","2017/05/20","FF","92.8","Matt Kemp","ATL","fly_ball",4,"418",108.2,22.4,"2380","4-Seam Fastball",78,29.04,5.4,7.9,13,0,88,67,"0.17",418
"115","2017/05/20","FF","92.4","Rio Ruiz","ATL","line_drive",2,"372",105.9,21.3,"2330","4-Seam Fastball",78,29.04,5.4,7.9,13,0,88,67,"0.17",372
"116","2017/05/22","KC","81.7","Matt Adams","ATL","fly_ball",5,"390",103.9,35.9,"2772","Knuckle Curve",73,28.97,2.4,2.3,8,0,80,66,"0.30",390
"117","2017/05/22","FT","93.8","Brandon Phillips","ATL","fly_ball",3,"430",105.4,26.8,"2015","2-Seam Fastball",73,28.97,2.4,2.3,8,0,80,66,"0.30",430
"118","2017/05/23","CU","79.7","Matt Adams","ATL","fly_ball",6,"387",104.1,33.8,"2560","Curveball",69,28.74,5.1,-2,4,0,75,62,"0.75",387
"119","2017/06/07","CU","75.7","Matt Adams","ATL","fly_ball",8,"400",99.8,26.8,"1897","Curveball",73,28.76,4.5,-1.9,8,0,80,66,"0.06",400
"120","2017/06/07","SL","85.3","Dansby Swanson","ATL","fly_ball",5,"397",104,34.1,"2428","Slider",73,28.76,4.5,-1.9,8,0,80,66,"0.06",397
"121","2017/06/10","FF","89.3","Brandon Phillips","ATL","line_drive",8,"379",103.1,22.4,"2131","4-Seam Fastball",74,29.02,2.5,-1.6,9,0,87,61,"0.00",379
"122","2017/06/17","CH","74.7","Tyler Flowers","ATL","fly_ball",6,"434",104.6,26.1,"2013","Changeup",80,28.82,3.5,2.9,15,0,91,68,"0.61",434
"123","2017/06/17","FF","91.7","Matt Adams","ATL","fly_ball",3,"390",101.8,28.6,"2178","4-Seam Fastball",80,28.82,3.5,2.9,15,0,91,68,"0.61",390
"124","2017/06/19","SL","79.7","Danny Santana","ATL","fly_ball",8,"417",103.7,31.7,"2230","Slider",80,28.93,5,2.6,15,0,88,71,"0.05",417
"125","2017/06/19","CH","83.0","Matt Adams","ATL","fly_ball",4,"402",104.9,24.9,"1283","Changeup",80,28.93,5,2.6,15,0,88,71,"0.05",402
"126","2017/06/21","SL","86.2","Matt Kemp","ATL","fly_ball",11,"342",93.5,26.8,"2870","Slider",74,29.03,2,-3.8,9,0,79,69,"0.01",342
"127","2017/06/21","SL","86.4","Tyler Flowers","ATL","fly_ball",7,"345",90,37.5,"2512","Slider",74,29.03,2,-3.8,9,0,79,69,"0.01",345
"128","2017/06/21","SL","90.0","Matt Adams","ATL","fly_ball",4,"407",106.6,21.1,"2549","Slider",74,29.03,2,-3.8,9,0,79,69,"0.01",407
"129","2017/06/22","FC","88.1","Lane Adams","ATL","fly_ball",5,"408",106.9,34.9,"2198","Cutter",76,29.02,2.9,-1.9,11,0,82,70,"0.55",408
"130","2017/06/22","CU","71.8","Brandon Phillips","ATL","fly_ball",5,"416",102.4,34.3,"2632","Curveball",76,29.02,2.9,-1.9,11,0,82,70,"0.55",416
"131","2017/06/22","FT","90.4","Matt Adams","ATL","fly_ball",4,"422",103.3,30.7,"2365","2-Seam Fastball",76,29.02,2.9,-1.9,11,0,82,70,"0.55",422
"132","2017/06/22","FF","90.6","Nick Markakis","ATL","fly_ball",1,"401",100.8,24.3,"2375","4-Seam Fastball",76,29.02,2.9,-1.9,11,0,82,70,"0.55",401
"133","2017/06/23","FF","92.2","Brandon Phillips","ATL","fly_ball",1,"394",100.7,32.2,"2242","4-Seam Fastball",81,28.92,10.7,2.9,16,0,89,72,"0.05",394
"134","2017/06/24","SL","82.0","Brandon Phillips","ATL","fly_ball",3,"390",101.6,25.5,"1311","Slider",79,28.94,5.8,0.8,14,0,87,71,"0.04",390
"135","2017/07/05","CH","82.2","Ender Inciarte","ATL","fly_ball",5,"326",92.9,39.2,"2018","Changeup",82,29.07,4.5,2.6,17,0,94,70,"0.00",326
"136","2017/07/14","CU","74.2","Freddie Freeman","ATL","fly_ball",6,"390",104.2,37.2,"2349","Curveball",82,29.09,4.2,2.1,17,0,92,72,"0.00",390
"137","2017/07/15","FF","90.5","Jace Peterson","ATL","fly_ball",8,"409",107.7,33.5,"1853","4-Seam Fastball",82,29.03,2.6,2.1,17,0,92,71,"0.13",409
"138","2017/07/15","SL","82.5","Brandon Phillips","ATL","fly_ball",3,"427",104.6,24,"2341","Slider",82,29.03,2.6,2.1,17,0,92,71,"0.13",427
"139","2017/07/16","KC","83.9","Matt Adams","ATL","fly_ball",3,"395",99.3,30.1,"2124","Knuckle Curve",80,28.95,4,0.1,15,0,88,72,"T",395
"140","2017/07/16","FC","89.6","Matt Kemp","ATL","fly_ball",3,"398",102,23.5,"2204","Cutter",80,28.95,4,0.1,15,0,88,72,"T",398
"141","2017/07/18","FC","83.8","Nick Markakis","ATL","line_drive",2,"387",101.4,23.9,"2071","Cutter",79,29.03,1.6,-1,14,0,91,67,"0.01",387
"142","2017/07/19","FT","95.0","Tyler Flowers","ATL","line_drive",7,"414",105.9,21.3,"2266","2-Seam Fastball",82,29.07,4.1,2,17,0,93,71,"0.00",414
"143","2017/07/19","CH","80.8","Ender Inciarte","ATL","fly_ball",6,"376",96.9,33,"1641","Changeup",82,29.07,4.1,2,17,0,93,71,"0.00",376
"144","2017/08/01","SI","96.9","Johan Camargo","ATL","fly_ball",8,"408",100.7,22.4,"2277","Sinker",74,29.03,1.3,-5.9,9,0,86,61,"0.00",408
"145","2017/08/02","SL","86.6","Tyler Flowers","ATL","fly_ball",8,"361",98.4,33.2,"1740","Slider",77,29.05,1.5,-2.9,12,0,87,66,"0.00",361
"146","2017/08/02","FT","92.5","Danny Santana","ATL","line_drive",2,"390",105.3,21.4,"2414","2-Seam Fastball",77,29.05,1.5,-2.9,12,0,87,66,"0.00",390
"147","2017/08/03","FF","93.6","Ozzie Albies","ATL","fly_ball",9,"381",101,35,"2241","4-Seam Fastball",76,29.05,4,-3.9,11,0,85,67,"T",381
"148","2017/08/04","FF","88.7","Nick Markakis","ATL","fly_ball",6,"388",99.9,25.9,"2278","4-Seam Fastball",78,29,5,-1.8,13,0,88,68,"0.29",388
"149","2017/08/05","FT","94.7","Freddie Freeman","ATL","fly_ball",7,"381",101.9,35.3,"2303","2-Seam Fastball",78,28.98,5,-1.8,13,0,87,68,"0.01",381
"150","2017/08/08","FF","93.9","Freddie Freeman","ATL","fly_ball",1,"373",96.5,35.2,"2163","4-Seam Fastball",73,28.98,3.6,-6.7,8,0,77,69,"0.28",373
"151","2017/08/18","FT","95.6","Matt Adams","ATL","fly_ball",2,"338",91.2,28.2,"2091","2-Seam Fastball",82,NA,NA,2.9,17,0,90,74,"0.00",338
"152","2017/08/19","FF","94.5","Matt Adams","ATL","fly_ball",9,"405",102.4,34.3,"2146","4-Seam Fastball",79,28.94,3.3,-0.1,14,0,91,67,"0.00",405
"153","2017/08/19","FF","91.9","Kurt Suzuki","ATL","fly_ball",7,"404",102.6,33.2,"2060","4-Seam Fastball",79,28.94,3.3,-0.1,14,0,91,67,"0.00",404
"154","2017/08/19","FF","92.1","Brandon Phillips","ATL","line_drive",3,"393",107.2,20.3,"2277","4-Seam Fastball",79,28.94,3.3,-0.1,14,0,91,67,"0.00",393
"155","2017/08/20","SL","79.4","Tyler Flowers","ATL","fly_ball",5,"402",100.4,28.2,"2483","Slider",81,29.02,0.8,2,16,0,94,67,"0.00",402
"156","2017/08/21","SL","77.8","Kurt Suzuki","ATL","line_drive",2,"350",104.2,21.3,"2289","Slider",81,29.1,2.2,2.1,16,0,91,70,"0.00",350
"157","2017/08/22","CH","83.9","Nick Markakis","ATL","fly_ball",4,"372",95.9,25.9,"2127","Changeup",82,29.03,3.7,3.2,17,0,93,70,"0.00",372
"158","2017/08/25","FT","88.2","Kurt Suzuki","ATL","fly_ball",2,"406",101.4,24.1,"1925","2-Seam Fastball",78,28.97,4.1,-0.4,13,0,87,69,"0.00",406
"159","2017/08/25","FT","90.0","Matt Kemp","ATL","fly_ball",1,"412",102.8,29.7,"1930","2-Seam Fastball",78,28.97,4.1,-0.4,13,0,87,69,"0.00",412
"160","2017/08/26","SL","86.8","Matt Adams","ATL","fly_ball",9,"388",103.5,35.5,"2215","Slider",78,29.05,2.7,-0.3,13,0,86,70,"0.00",388
"161","2017/09/04","CH","83.1","Matt Adams","ATL","fly_ball",4,"416",107.8,22.5,"1489","Changeup",72,29.02,2.9,-4.7,7,0,86,57,"0.00",416
"162","2017/09/06","CU","75.0","Ender Inciarte","ATL","fly_ball",3,"393",99.6,29.4,"2769","Curveball",67,28.89,7.8,-9.2,2,0,75,58,"0.03",393
"163","2017/09/06","FT","92.4","Matt Kemp","ATL","fly_ball",1,"394",99.6,29.9,"2448","2-Seam Fastball",67,28.89,7.8,-9.2,2,0,75,58,"0.03",394
"164","2017/09/07","SL","83.7","Matt Kemp","ATL","fly_ball",5,"394",104.2,23.6,"2557","Slider",64,29.03,5.3,-12,0,1,77,50,"0.00",394
"165","2017/09/08","FT","94.9","Freddie Freeman","ATL","fly_ball",4,"393",105.7,35.9,"2200","2-Seam Fastball",66,29.1,2.3,-9.7,1,0,80,51,"0.00",393
"166","2017/09/09","CH","81.8","Johan Camargo","ATL","fly_ball",4,"378",99.6,29.6,"2238","Changeup",69,29.12,5.4,-6.4,4,0,78,59,"0.00",378
"167","2017/09/10","FT","87.1","Lane Adams","ATL","fly_ball",11,"420",107.9,21.9,"2221","2-Seam Fastball",66,29.14,8.9,-9.2,1,0,72,59,"0.00",420
"168","2017/09/16","CU","82.0","Freddie Freeman","ATL","fly_ball",6,"404",103.4,30.7,"2426","Curveball",75,29.05,1.2,1.7,10,0,86,64,"0.00",404
"169","2017/09/20","CH","89.2","Jace Peterson","ATL","line_drive",8,"381",100.4,24.4,"2325","Changeup",77,28.97,1.9,5.1,12,0,89,65,"0.00",381
"170","2017/09/20","CH","82.1","Kurt Suzuki","ATL","fly_ball",5,"368",97.7,31.8,"1603","Changeup",77,28.97,1.9,5.1,12,0,89,65,"0.00",368
"171","2017/09/20","CH","83.4","Freddie Freeman","ATL","fly_ball",1,"439",107.1,31,"1712","Changeup",77,28.97,1.9,5.1,12,0,89,65,"0.00",439
"172","2017/09/22","SL","82.4","Kurt Suzuki","ATL","fly_ball",7,"395",100.2,24.3,"null","Slider",78,28.98,1.9,6.8,13,0,90,66,"0.00",395
"173","2017/09/22","FF","91.2","Kurt Suzuki","ATL","fly_ball",1,"405",104.2,24.5,"1875","4-Seam Fastball",78,28.98,1.9,6.8,13,0,90,66,"0.00",405
"174","2017/09/23","CU","69.1","Rio Ruiz","ATL","fly_ball",6,"338",90.1,30.2,"2170","Curveball",76,28.98,2.4,5.2,11,0,88,64,"0.00",338
"175","2018/03/29","FS","87.4","Nick Markakis","ATL","fly_ball",9,"427",103.3,25,"1602","Split Finger",65,28.92,9.4,8.3,0,0,74,56,"1.03",427
"176","2018/03/29","CH","83.7","Ozzie Albies","ATL","line_drive",8,"407",100.3,23.2,"1839","Changeup",65,28.92,9.4,8.3,0,0,74,56,"1.03",407
"177","2018/03/29","SI","90.6","Freddie Freeman","ATL","fly_ball",6,"390",107.2,23.2,"2152","Sinker",65,28.92,9.4,8.3,0,0,74,56,"1.03",390
"178","2018/03/31","FF","83.7","Lane Adams","ATL","fly_ball",8,"403",105.3,28.4,"2143","4-Seam Fastball",53,29.18,4.6,-4.3,0,12,67,38,"0.00",403
"179","2018/04/03","FT","93.1","Freddie Freeman","ATL","fly_ball",2,"412",105.6,31.7,"2075","2-Seam Fastball",66,28.9,7.1,7.9,1,0,79,52,"0.00",412
"180","2018/04/03","CU","78.0","Preston Tucker","ATL","fly_ball",1,"397",101.4,30.9,"null","Curveball",66,28.9,7.1,7.9,1,0,79,52,"0.00",397
"181","2018/04/04","CU","78.9","Preston Tucker","ATL","fly_ball",1,"395",102.8,22.3,"2510","Curveball",57,28.92,13.9,-1.4,0,8,70,44,"0.20",395
"182","2018/04/18","FF","93.2","Dansby Swanson","ATL","fly_ball",7,"389",104.8,25.5,"2473","4-Seam Fastball",66,28.89,11,4,1,0,83,48,"0.00",389
"183","2018/04/18","FF","94.3","Ryan Flaherty","ATL","fly_ball",5,"428",106.7,26.2,"2346","4-Seam Fastball",66,28.89,11,4,1,0,83,48,"0.00",428
"184","2018/04/19","CH","83.7","Kurt Suzuki","ATL","fly_ball",1,"352",97.1,37.3,"1850","Changeup",57,28.96,12.3,-5.2,0,8,69,45,"0.00",352
"185","2018/04/20","FF","99.6","Ozzie Albies","ATL","fly_ball",1,"412",108.4,22,"2257","4-Seam Fastball",53,29.21,4,-9.4,0,12,68,37,"0.00",412
"186","2018/05/04","SL","83.9","Nick Markakis","ATL","fly_ball",3,"396",101.9,28.2,"2904","Slider",68,29.1,4.1,2.1,3,0,83,52,"0.00",396
"187","2018/05/04","FF","91.9","Freddie Freeman","ATL","fly_ball",1,"390",102.9,32.4,"2515","4-Seam Fastball",68,29.1,4.1,2.1,3,0,83,52,"0.00",390
"188","2018/05/15","FF","95.4","Ronald Acuna Jr.","ATL","fly_ball",8,"432",105.7,23.9,"2664","4-Seam Fastball",75,28.94,3.6,6.2,10,0,81,69,"0.15",432
"189","2018/05/15","FF","91.9","Ender Inciarte","ATL","fly_ball",4,"360",94.4,36,"2483","4-Seam Fastball",75,28.94,3.6,6.2,10,0,81,69,"0.15",360
"190","2018/05/19","SL","86.5","Freddie Freeman","ATL","fly_ball",8,"391",105.7,34.1,"2337","Slider",78,28.97,4.1,8.1,13,0,86,69,"T",391
"191","2018/05/19","FF","92.0","Kurt Suzuki","ATL","fly_ball",7,"367",101,40.5,"2052","4-Seam Fastball",78,28.97,4.1,8.1,13,0,86,69,"T",367
"192","2018/05/28","SL","90.2","Charlie Culberson","ATL","fly_ball",9,"411",100,31.9,"2540","Slider",76,28.82,5,3.7,11,0,83,68,"0.64",411
"193","2018/05/28","SL","90.5","Tyler Flowers","ATL","fly_ball",7,"412",105.4,22.1,"2494","Slider",76,28.82,5,3.7,11,0,83,68,"0.64",412
"194","2018/05/28","FF","88.2","Kurt Suzuki","ATL","fly_ball",2,"405",105.8,27.7,"2088","4-Seam Fastball",76,28.82,5,3.7,11,0,83,68,"0.64",405
"195","2018/05/29","FF","99.3","Johan Camargo","ATL","line_drive",9,"362",108.7,20.2,"2375","4-Seam Fastball",76,28.77,7.7,3.4,11,0,82,69,"0.48",362
"196","2018/05/30","FF","89.3","Johan Camargo","ATL","line_drive",7,"392",106.3,22,"2074","4-Seam Fastball",77,28.85,8.3,4.1,12,0,82,71,"0.19",392
"197","2018/06/01","CU","81.8","Dansby Swanson","ATL","fly_ball",7,"408",103.6,28.6,"2736","Curveball",77,28.93,4.6,3.6,12,0,88,66,"1.06",408
"198","2018/06/02","CH","81.3","Johan Camargo","ATL","fly_ball",5,"431",103.3,26.8,"1557","Changeup",78,28.84,5.5,4.4,13,0,88,67,"T",431
"199","2018/06/03","FF","90.2","Charlie Culberson","ATL","line_drive",9,"410",103.2,25.6,"1933","4-Seam Fastball",80,28.84,6.6,6.1,15,0,92,68,"0.00",410
"200","2018/06/03","FF","91.2","Dansby Swanson","ATL","fly_ball",7,"393",103.2,26.6,"2390","4-Seam Fastball",80,28.84,6.6,6.1,15,0,92,68,"0.00",393
"201","2018/06/12","FF","90.2","Ozzie Albies","ATL","fly_ball",6,"396",105,26.3,"2317","4-Seam Fastball",75,29.03,3.5,-1,10,0,82,67,"0.00",396
"202","2018/06/12","SL","89.0","Freddie Freeman","ATL","fly_ball",6,"375",98.7,31.7,"2382","Slider",75,29.03,3.5,-1,10,0,82,67,"0.00",375
"203","2018/06/13","CU","71.8","Freddie Freeman","ATL","fly_ball",8,"393",104.2,41.7,"2364","Curveball",79,29.02,3.2,2.7,14,0,87,70,"0.28",393
"204","2018/06/14","FC","87.1","Ender Inciarte","ATL","fly_ball",5,"378",95.3,33.2,"2498","Cutter",78,28.97,3.8,1.5,13,0,86,69,"T",378
"205","2018/06/15","FT","90.0","Freddie Freeman","ATL","fly_ball",5,"390",100.7,32.6,"2135","2-Seam Fastball",81,28.94,3.3,4.3,16,0,93,69,"1.06",390
"206","2018/06/16","FF","92.6","Charlie Culberson","ATL","fly_ball",5,"384",101.9,38.6,"2066","4-Seam Fastball",81,28.97,2.9,4.1,16,0,90,71,"0.44",384
"207","2018/06/17","SL","82.9","Tyler Flowers","ATL","fly_ball",8,"435",106,25.1,"2542","Slider",80,29.07,2.3,2.9,15,0,90,69,"0.00",435
"208","2018/06/24","CH","87.0","Dansby Swanson","ATL","line_drive",8,"388",94.9,28.6,"1963","Changeup",82,28.95,5,3.8,17,0,92,71,"0.00",388
"209","2018/06/25","CH","85.2","Ozzie Albies","ATL","fly_ball",11,"375",96.2,29.4,"2110","Changeup",80,29.03,3.7,1.6,15,0,91,69,"0.51",375
"210","2018/07/11","FC","85.4","Ozzie Albies","ATL","fly_ball",8,"414",104.4,21.4,"2402","Cutter",83,28.97,2.2,3.2,18,0,94,71,"T",414
"211","2018/07/11","CH","84.3","Ozzie Albies","ATL","fly_ball",6,"386",99.4,35,"1886","Changeup",83,28.97,2.2,3.2,18,0,94,71,"T",386
"212","2018/07/15","FF","92.4","Preston Tucker","ATL","fly_ball",7,"359",98.8,38.8,"2191","4-Seam Fastball",81,29.01,2.9,1.1,16,0,90,71,"1.38",359
"213","2018/07/26","SL","84.8","Ronald Acuna Jr.","ATL","fly_ball",8,"436",106.2,27.6,"2419","Slider",79,28.94,4.3,-1,14,0,90,68,"0.00",436
"214","2018/07/28","FF","93.8","Johan Camargo","ATL","line_drive",7,"396",105.6,22.8,"2255","4-Seam Fastball",79,29,6.4,-1,14,0,89,68,"0.00",396
"215","2018/07/29","SL","87.9","Nick Markakis","ATL","fly_ball",3,"396",102.1,23.1,"2349","Slider",77,28.98,2.7,-3,12,0,90,64,"0.00",396
"216","2018/07/30","FF","89.9","Ronald Acuna Jr.","ATL","fly_ball",5,"401",103.7,32.4,"2102","4-Seam Fastball",78,28.96,3.1,-1.9,13,0,86,70,"0.00s",401
"217","2018/07/30","FT","91.8","Freddie Freeman","ATL","fly_ball",3,"395",100.7,29.3,"2004","2-Seam Fastball",78,28.96,3.1,-1.9,13,0,86,70,"0.00s",395
"218","2018/07/31","CH","94.3","Johan Camargo","ATL","fly_ball",6,"410",102.2,30.3,"1531","Changeup",77,28.97,0.9,-2.9,12,0,85,69,"1.14",410
"219","2018/07/31","FF","90.0","Nick Markakis","ATL","fly_ball",3,"377",96.5,35.1,"2296","4-Seam Fastball",77,28.97,0.9,-2.9,12,0,85,69,"1.14",377
"220","2018/07/31","FF","92.2","Ronald Acuna Jr.","ATL","fly_ball",1,"378",106.2,41.7,"2451","4-Seam Fastball",77,28.97,0.9,-2.9,12,0,85,69,"1.14",378
"221","2018/08/11","FC","89.2","Ronald Acuna Jr.","ATL","fly_ball",1,"388",107.3,26.2,"2284","Cutter",80,28.92,7.1,0.4,15,0,87,73,"0.00",388
"222","2018/08/12","SL","82.2","Ozzie Albies","ATL","fly_ball",7,"382",101.1,24.8,"2315","Slider",80,28.97,4.3,0.5,15,0,90,69,"0.00",382
"223","2018/08/12","FF","95.4","Dansby Swanson","ATL","fly_ball",6,"398",98,29.7,"2452","4-Seam Fastball",80,28.97,4.3,0.5,15,0,90,69,"0.00",398
"224","2018/08/12","FT","91.1","Ronald Acuna Jr.","ATL","fly_ball",2,"411",103.7,28.3,"2161","2-Seam Fastball",80,28.97,4.3,0.5,15,0,90,69,"0.00",411
"225","2018/08/13","SL","85.9","Freddie Freeman","ATL","fly_ball",7,"441",104.7,32.3,"2057","Slider",79,28.98,3.4,-0.5,14,0,89,68,"0.00",441
"226","2018/08/13","FF","93.4","Ronald Acuna Jr.","ATL","fly_ball",1,"441",110.1,22.8,"2110","4-Seam Fastball",79,28.98,3.4,-0.5,14,0,89,68,"0.00",441
"227","2018/08/13","FF","93.0","Ronald Acuna Jr.","ATL","fly_ball",1,"415",105.1,28.3,"1967","4-Seam Fastball",79,28.98,3.4,-0.5,14,0,89,68,"0.00",415
"228","2018/08/14","CH","85.9","Ronald Acuna Jr.","ATL","fly_ball",7,"371",100.4,28.4,"1803","Changeup",77,28.98,2.9,-2.4,12,0,89,65,"0.00",371
"229","2018/08/14","FF","95.7","Freddie Freeman","ATL","fly_ball",6,"388",101.9,34.9,"2278","4-Seam Fastball",77,28.98,2.9,-2.4,12,0,89,65,"0.00",388
"230","2018/08/14","FF","90.6","Charlie Culberson","ATL","fly_ball",1,"396",99.9,30.1,"2114","4-Seam Fastball",77,28.98,2.9,-2.4,12,0,89,65,"0.00",396
"231","2018/08/14","FF","90.1","Ronald Acuna Jr.","ATL","fly_ball",1,"407",107.2,26.5,"2199","4-Seam Fastball",77,28.98,2.9,-2.4,12,0,89,65,"0.00",407
"232","2018/08/15","FF","93.8","Dansby Swanson","ATL","fly_ball",4,"414",102.5,25.7,"2097","4-Seam Fastball",79,29.03,1.6,-0.4,14,0,92,65,"0.00",414
"233","2018/08/16","FF","94.8","Kurt Suzuki","ATL","fly_ball",2,"410",100.8,24.7,"2176","4-Seam Fastball",80,29.08,4.3,0.7,15,0,91,68,"T",410
"234","2018/08/28","FF","93.6","Ender Inciarte","ATL","fly_ball",8,"391",101.9,35.7,"2049","4-Seam Fastball",80,29.1,1.9,2,15,0,91,69,"0.00",391
"235","2018/08/28","SL","81.1","Tyler Flowers","ATL","fly_ball",8,"370",101.1,23.9,"2884","Slider",80,29.1,1.9,2,15,0,91,69,"0.00",370
"236","2018/08/29","SI","99.7","Johan Camargo","ATL","line_drive",1,"410",104.2,21.5,"2019","Sinker",81,29.08,3.5,3.2,16,0,90,71,"0.00",410
"237","2018/08/31","SL","89.6","Johan Camargo","ATL","fly_ball",7,"371",95.2,29.5,"2382","Slider",80,29.08,2.6,2.5,15,0,89,70,"0.00",371
"238","2018/08/31","FF","94.1","Ronald Acuna Jr.","ATL","fly_ball",6,"383",104,36,"2287","4-Seam Fastball",80,29.08,2.6,2.5,15,0,89,70,"0.00",383
"239","2018/09/01","FF","95.6","Dansby Swanson","ATL","fly_ball",8,"358",96.5,30.2,"2170","4-Seam Fastball",81,29.11,2.2,3.7,16,0,91,70,"0.00",358
"240","2018/09/02","FF","92.3","Ronald Acuna Jr.","ATL","fly_ball",1,"430",109.6,32.2,"2222","4-Seam Fastball",81,29.13,2.9,3.9,16,0,91,70,"0.00",430
"241","2018/09/03","FF","96.6","Ozzie Albies","ATL","line_drive",6,"363",99.2,22.8,"2222","4-Seam Fastball",80,29.17,3.7,3.1,15,0,89,71,"0.00",363
"242","2018/09/04","FT","90.9","Kurt Suzuki","ATL","fly_ball",2,"400",99.7,23.3,"2299","2-Seam Fastball",79,29.16,3.4,2.3,14,0,87,71,"0.00",400
"243","2018/09/05","FF","92.5","Freddie Freeman","ATL","fly_ball",8,"410",105.5,35.8,"2090","4-Seam Fastball",80,29.12,2.8,3.5,15,0,88,72,"0.00",410
"244","2018/09/05","SI","89.1","Ronald Acuna Jr.","ATL","fly_ball",1,"415",109.8,23.5,"2071","Sinker",80,29.12,2.8,3.5,15,0,88,72,"0.00",415
"245","2018/09/16","FF","90.8","Charlie Culberson","ATL","fly_ball",8,"413",100.8,26.7,"2197","4-Seam Fastball",76,28.79,7.8,2.7,11,0,80,71,"0.04",413
"246","2018/09/16","FT","94.1","Tyler Flowers","ATL","line_drive",4,"348",99.3,22.9,"2079","2-Seam Fastball",76,28.79,7.8,2.7,11,0,80,71,"0.04",348
"247","2018/09/17","FF","93.6","Freddie Freeman","ATL","line_drive",3,"403",103.9,28.1,"2218","4-Seam Fastball",79,28.87,5,6,14,0,91,66,"0.00",403
"248","2018/09/18","FF","92.3","Ronald Acuna Jr.","ATL","fly_ball",3,"411",107.2,35.4,"1948","4-Seam Fastball",80,28.92,4.8,7.3,15,0,92,67,"0.00",411
"249","2018/09/19","FF","90.3","Tyler Flowers","ATL","fly_ball",8,"406",107,36.3,"2005","4-Seam Fastball",81,28.94,2.7,8.7,16,0,94,68,"0.00",406
"250","2018/09/19","FF","92.3","Freddie Freeman","ATL","fly_ball",4,"407",105.5,28.4,"2079","4-Seam Fastball",81,28.94,2.7,8.7,16,0,94,68,"0.00",407
"251","2018/09/21","SI","88.6","Ozzie Albies","ATL","fly_ball",7,"397",100.5,26.2,"2026","Sinker",79,29.08,3,7.4,14,0,90,68,"0.00",397
"252","2018/09/23","CH","84.3","Lane Adams","ATL","fly_ball",5,"395",104.3,26.8,"1409","Changeup",77,29,2.3,6.2,12,0,89,65,"0.00",395
"253","2018/10/07","KC","83.1","Freddie Freeman","ATL","fly_ball",6,"396",102,32.9,"2032","Knuckle Curve",78,29.1,2.7,12.6,13,0,88,68,"0.00",396
"254","2018/10/07","FF","98.1","Ronald Acuna Jr.","ATL","fly_ball",2,"414",109,34.6,"2270","4-Seam Fastball",78,29.1,2.7,12.6,13,0,88,68,"0.00",414
"255","2019/04/01","CH","76.6","Ronald Acuna Jr.","ATL","fly_ball",3,"421",108.4,27,"2202","Changeup",45,29.12,5,-12.6,0,20,59,31,"0.00",421
"256","2019/04/01","CH","78.9","Ender Inciarte","ATL","fly_ball",1,"414",101.2,31.8,"1957","Changeup",45,29.12,5,-12.6,0,20,59,31,"0.00",414
"257","2019/04/03","FF","89.6","Ozzie Albies","ATL","fly_ball",3,"369",101.5,28.8,"2214","4-Seam Fastball",53,29.21,2.1,-5.1,0,12,72,34,"0.00",369
"258","2019/04/03","FC","88.9","Dansby Swanson","ATL","fly_ball",3,"391",101.6,27.9,"2454","Cutter",53,29.21,2.1,-5.1,0,12,72,34,"0.00",391
"259","2019/04/05","CU","80.6","Tyler Flowers","ATL","line_drive",4,"385",108,22.3,"2166","Curveball",64,29,5.1,5.4,0,1,74,53,"0.16",385
"260","2019/04/05","CH","85.8","Ronald Acuna Jr.","ATL","fly_ball",4,"389",104.9,27.9,"1893","Changeup",64,29,5.1,5.4,0,1,74,53,"0.16",389
"261","2019/04/07","CH","84.3","Dansby Swanson","ATL","fly_ball",4,"419",105.3,23.6,"2073","Changeup",69,29.09,4.4,9.8,4,0,79,59,"0.79",419
"262","2019/04/07","FF","93.2","Freddie Freeman","ATL","fly_ball",1,"417",104.4,25.6,"2547","4-Seam Fastball",69,29.09,4.4,9.8,4,0,79,59,"0.79",417
"263","2019/04/11","FT","90.6","Ronald Acuna Jr.","ATL","fly_ball",8,"462",111.5,31.4,"2157","2-Seam Fastball",69,28.86,7,8.8,4,0,80,58,"T",462
"264","2019/04/11","SI","92.7","Johan Camargo","ATL","line_drive",2,"392",108.1,18.6,"2067","Sinker",69,28.86,7,8.8,4,0,80,58,"T",392
"265","2019/04/13","SI","96.6","Josh Donaldson","ATL","fly_ball",7,"397",106.3,32.1,"2330","Sinker",69,28.92,5.3,8.3,4,0,80,57,"0.00",397
"266","2019/04/13","FF","89.6","Nick Markakis","ATL","fly_ball",4,"418",108.2,25,"1941","4-Seam Fastball",69,28.92,5.3,8.3,4,0,80,57,"0.00",418
"267","2019/04/14","FF","95.7","Charlie Culberson","ATL","fly_ball",6,"378",101.1,26.9,"2441","4-Seam Fastball",64,28.66,14.3,3,0,1,77,50,"1.28",378
"268","2019/04/14","FF","97.0","Josh Donaldson","ATL","line_drive",5,"406",109.3,16.4,"2434","4-Seam Fastball",64,28.66,14.3,3,0,1,77,50,"1.28",406
"269","2019/04/14","SL","91.9","Nick Markakis","ATL","fly_ball",2,"377",97.9,25.5,"2493","Slider",64,28.66,14.3,3,0,1,77,50,"1.28",377
"270","2019/04/16","FF","95.2","Ozzie Albies","ATL","fly_ball",7,"415",103.5,32,"1987","4-Seam Fastball",58,29.13,3,-3.5,0,7,74,41,"0.00",415
"271","2019/04/16","CU","83.2","Ronald Acuna Jr.","ATL","fly_ball",4,"448",114.3,30.1,"2192","Curveball",58,29.13,3,-3.5,0,7,74,41,"0.00",448
"272","2019/04/18","FF","90.3","Freddie Freeman","ATL","fly_ball",8,"392",105.7,42.3,"2231","4-Seam Fastball",69,28.87,8.1,7,4,0,78,59,"0.12",392
"273","2019/04/26","FF","94.5","Tyler Flowers","ATL","line_drive",9,"366",108.6,23.1,"2040","4-Seam Fastball",65,28.78,12.2,1.1,0,0,72,57,"0.01",366
"274","2019/04/26","FF","94.6","Tyler Flowers","ATL","fly_ball",6,"438",108.5,29.2,"2142","4-Seam Fastball",65,28.78,12.2,1.1,0,0,72,57,"0.01",438
"275","2019/04/27","CU","78.9","Ender Inciarte","ATL","fly_ball",2,"380",97.6,26.8,"2584","Curveball",61,28.94,6.7,-3.2,0,4,77,45,"0.00",380
"276","2019/04/27","FF","95.7","Freddie Freeman","ATL","line_drive",1,"405",112,20,"2018","4-Seam Fastball",61,28.94,6.7,-3.2,0,4,77,45,"0.00",405
"277","2019/04/28","FF","91.3","Josh Donaldson","ATL","fly_ball",8,"388",101.1,32.8,"2237","4-Seam Fastball",68,28.95,6.8,3.6,3,0,81,55,"T",388
"278","2019/04/28","FF","91.4","Ozzie Albies","ATL","fly_ball",3,"400",102.5,23.3,"2122","4-Seam Fastball",68,28.95,6.8,3.6,3,0,81,55,"T",400
"279","2019/04/28","FF","91.3","Freddie Freeman","ATL","fly_ball",1,"434",108,29.2,"2196","4-Seam Fastball",68,28.95,6.8,3.6,3,0,81,55,"T",434
"280","2019/04/28","FF","89.2","Ozzie Albies","ATL","fly_ball",1,"410",103.1,35.1,"2093","4-Seam Fastball",68,28.95,6.8,3.6,3,0,81,55,"T",410
"281","2019/04/29","SL","80.1","Ozzie Albies","ATL","fly_ball",5,"401",100.7,30.6,"1910","Slider",71,29.1,3.5,6.4,6,0,84,58,"0.00",401
"282","2019/05/01","FT","94.8","Dansby Swanson","ATL","fly_ball",7,"406",101.3,31.3,"1943","2-Seam Fastball",73,29.15,4.2,7.9,8,0,82,63,"0.00",406
"283","2019/05/15","CH","82.8","Charlie Culberson","ATL","line_drive",8,"353",93.3,24,"1533","Changeup",62,28.97,3.5,-6.8,0,3,76,48,"0.00",353
"284","2019/05/15","FF","89.9","Austin Riley","ATL","fly_ball",4,"438",109.1,26.5,"1873","4-Seam Fastball",62,28.97,3.5,-6.8,0,3,76,48,"0.00",438
"285","2019/05/16","FT","93.7","Freddie Freeman","ATL","fly_ball",8,"427",105.6,34.6,"2174","2-Seam Fastball",71,28.95,3.8,1.9,6,0,85,57,"0.00",427
"286","2019/05/17","FF","95.6","Tyler Flowers","ATL","fly_ball",6,"437",109,22.6,"2611","4-Seam Fastball",76,28.94,4.1,6.7,11,0,88,63,"0.00",437
"287","2019/05/17","FF","96.6","Josh Donaldson","ATL","fly_ball",6,"405",101.7,25,"2453","4-Seam Fastball",76,28.94,4.1,6.7,11,0,88,63,"0.00",405
"288","2019/05/17","FF","95.6","Dansby Swanson","ATL","fly_ball",6,"407",104.4,35,"2675","4-Seam Fastball",76,28.94,4.1,6.7,11,0,88,63,"0.00",407
"289","2019/05/17","FF","90.5","Freddie Freeman","ATL","fly_ball",3,"433",107.7,31.7,"2224","4-Seam Fastball",76,28.94,4.1,6.7,11,0,88,63,"0.00",433
"290","2019/05/18","FF","93.7","Freddie Freeman","ATL","fly_ball",10,"391",99.4,31.2,"1913","4-Seam Fastball",75,28.95,3.4,5.4,10,0,87,63,"0.00",391
"291","2019/05/18","SI","87.0","Austin Riley","ATL","fly_ball",6,"385",104.4,28.4,"2067","Sinker",75,28.95,3.4,5.4,10,0,87,63,"0.00",385
"292","2019/05/19","FF","95.5","Freddie Freeman","ATL","fly_ball",7,"418",109,22.8,"2092","4-Seam Fastball",76,28.95,5.1,6.1,11,0,88,63,"0.00",418
"293","2019/05/19","CH","88.2","Ronald Acuna Jr.","ATL","fly_ball",1,"450",110,29.9,"1839","Changeup",76,28.95,5.1,6.1,11,0,88,63,"0.00",450
"294","2019/05/28","FF","92.7","Austin Riley","ATL","fly_ball",8,"412",102,26.2,"2252","4-Seam Fastball",82,28.9,7.1,9.7,17,0,94,69,"0.00",412
"295","2019/05/29","SI","90.8","Austin Riley","ATL","fly_ball",7,"438",109.8,26.2,"2536","Sinker",79,28.89,5.8,6.4,14,0,93,65,"0.00",438
"296","2019/07/03","KC","80.0","Josh Donaldson","ATL","fly_ball",4,"404",102.5,28.2,"2890","Knuckle Curve",84,28.94,5.2,4.7,19,0,91,76,"T",404
"297","2019/07/03","FF","94.2","Matt Joyce","ATL","fly_ball",6,"395",99.3,31.6,"1988","4-Seam Fastball",84,28.94,5.2,4.7,19,0,91,76,"T",395
"298","2019/07/03","SL","85.0","Austin Riley","ATL","fly_ball",6,"410",101.3,31.2,"2372","Slider",84,28.94,5.2,4.7,19,0,91,76,"T",410
"299","2019/07/04","FF","93.8","Ozzie Albies","ATL","fly_ball",3,"416",103.1,33.3,"2239","4-Seam Fastball",84,28.97,4.4,4.7,19,0,94,73,"0.00",416
"300","2019/07/04","FF","94.7","Dansby Swanson","ATL","fly_ball",8,"392",100.2,33.8,"2528","4-Seam Fastball",84,28.97,4.4,4.7,19,0,94,73,"0.00",392
"301","2019/07/04","FT","94.2","Josh Donaldson","ATL","fly_ball",4,"426",105.6,28.2,"2454","2-Seam Fastball",84,28.97,4.4,4.7,19,0,94,73,"0.00",426
"302","2019/07/04","FT","94.3","Freddie Freeman","ATL","fly_ball",4,"401",101.8,25.1,"2504","2-Seam Fastball",84,28.97,4.4,4.7,19,0,94,73,"0.00",401
"303","2019/07/04","FT","93.4","Dansby Swanson","ATL","fly_ball",1,"404",103.9,21.7,"2136","2-Seam Fastball",84,28.97,4.4,4.7,19,0,94,73,"0.00",404
"304","2019/07/06","FF","90.7","Ronald Acuna Jr.","ATL","fly_ball",1,"431",108.1,36,"2504","4-Seam Fastball",82,29,3.7,2.5,17,0,93,71,"T",431
"305","2019/07/06","CH","83.1","Austin Riley","ATL","fly_ball",2,"404",106.4,38.3,"1914","Changeup",82,29,3.7,2.5,17,0,93,71,"T",404
"306","2019/07/07","FF","91.9","Josh Donaldson","ATL","fly_ball",3,"423",104.5,28.2,"2119","4-Seam Fastball",80,28.9,4.8,0.4,15,0,88,72,"0.36",423
"307","2019/07/18","SI","92.5","Nick Markakis","ATL","line_drive",8,"351",99.1,24.7,"2455","Sinker",82,29.01,5.9,2,17,0,91,72,"T",351
"308","2019/07/20","FS","82.2","Brian McCann","ATL","line_drive",6,"358",94.9,23.1,"1496","Split Finger",81,29,4.2,1,16,0,90,72,"0.86",358
"309","2019/07/21","CU","80.9","Josh Donaldson","ATL","fly_ball",6,"432",108.6,29.3,"2096","Curveball",80,29,4.6,0,15,0,89,71,"0.00",432
"310","2019/07/21","SI","91.2","Ronald Acuna Jr.","ATL","fly_ball",8,"425",110.4,24.1,"2404","Sinker",80,29,4.6,0,15,0,89,71,"0.00",425
"311","2019/08/01","KC","82.9","Freddie Freeman","ATL","fly_ball",1,"387",99.2,31.4,"2275","Knuckle Curve",80,29.01,2.9,0.1,15,0,93,67,"2.65",387
"312","2019/08/01","FT","95.1","Adam Duvall","ATL","fly_ball",6,"435",107.8,31.2,"2145","2-Seam Fastball",80,29.01,2.9,0.1,15,0,93,67,"2.65",435
"313","2019/08/02","FT","89.7","Ronald Acuna Jr.","ATL","fly_ball",6,"463",115.9,28.4,"1966","2-Seam Fastball",78,28.99,3,-1.9,13,0,87,68,"0.14",463
"314","2019/08/02","KC","81.4","Austin Riley","ATL","fly_ball",5,"395",100,31.4,"2091","Knuckle Curve",78,28.99,3,-1.9,13,0,87,68,"0.14",395
"315","2019/08/04","FF","93.5","Tyler Flowers","ATL","fly_ball",10,"416",108.5,20.4,"2394","4-Seam Fastball",79,28.94,2.3,-0.8,14,0,86,72,"T",416
"316","2019/08/04","FT","96.8","Ronald Acuna Jr.","ATL","fly_ball",9,"384",105.4,25.7,"2125","2-Seam Fastball",79,28.94,2.3,-0.8,14,0,86,72,"T",384
"317","2019/08/04","SL","84.5","Josh Donaldson","ATL","line_drive",8,"399",104.1,19.9,"3071","Slider",79,28.94,2.3,-0.8,14,0,86,72,"T",399
"318","2019/08/13","FT","97.7","Ronald Acuna Jr.","ATL","fly_ball",4,"409",104.7,24.8,"2087","2-Seam Fastball",85,28.86,5.7,5.5,20,0,97,73,"0.29",409
"319","2019/08/15","FF","92.5","Ronald Acuna Jr.","ATL","fly_ball",9,"368",93.5,34.8,"1958","4-Seam Fastball",81,28.9,5,1.6,16,0,91,70,"0.00",368
"320","2019/08/15","FF","92.9","Freddie Freeman","ATL","fly_ball",8,"381",102.3,31.4,"2010","4-Seam Fastball",81,28.9,5,1.6,16,0,91,70,"0.00",381
"321","2019/08/15","CU","78.7","Freddie Freeman","ATL","fly_ball",9,"401",104.8,24.5,"2564","Curveball",81,28.9,5,1.6,16,0,91,70,"0.00",401
"322","2019/08/15","FF","92.2","Josh Donaldson","ATL","line_drive",9,"401",106.2,20.5,"1961","4-Seam Fastball",81,28.9,5,1.6,16,0,91,70,"0.00",401
"323","2019/08/15","FC","90.6","Josh Donaldson","ATL","fly_ball",6,"382",100.2,29.8,"2605","Cutter",81,28.9,5,1.6,16,0,91,70,"0.00",382
"324","2019/08/15","FC","90.7","Matt Joyce","ATL","fly_ball",4,"381",103.3,38.6,"2701","Cutter",81,28.9,5,1.6,16,0,91,70,"0.00",381
"325","2019/08/17","FT","91.3","Adam Duvall","ATL","fly_ball",6,"438",106.7,23.4,"1979","2-Seam Fastball",81,28.94,2,1.8,16,0,95,67,"0.00",438
"326","2019/08/17","FF","92.4","Josh Donaldson","ATL","fly_ball",6,"407",102,30.3,"2092","4-Seam Fastball",81,28.94,2,1.8,16,0,95,67,"0.00",407
"327","2019/08/18","SI","95.6","Rafael Ortega","ATL","fly_ball",6,"390",99,27.1,"2387","Sinker",84,28.97,1.9,4.9,19,0,95,72,"0.00",390
"328","2019/08/20","FF","94.9","Freddie Freeman","ATL","fly_ball",5,"394",104.5,37.8,"2308","4-Seam Fastball",82,29.05,3,3,17,0,92,71,"0.00",394
"329","2019/08/20","CH","81.9","Freddie Freeman","ATL","fly_ball",4,"368",96.1,34.1,"2084","Changeup",82,29.05,3,3,17,0,92,71,"0.00",368
"330","2019/08/21","SL","85.9","Adeiny Hechavarria","ATL","fly_ball",2,"422",104.6,24.4,"2353","Slider",82,29.03,5.4,3.1,17,0,93,70,"0.00",422
"331","2019/08/21","FF","91.4","Ronald Acuna Jr.","ATL","fly_ball",5,"415",108.7,27.1,"2437","4-Seam Fastball",82,29.03,5.4,3.1,17,0,93,70,"0.00",415
"332","2019/08/22","FF","97.4","Freddie Freeman","ATL","fly_ball",8,"397",102.9,25.9,"2348","4-Seam Fastball",83,28.99,6,4.2,18,0,93,73,"0.00",397
"333","2019/08/30","FC","87.0","Tyler Flowers","ATL","fly_ball",2,"396",107.6,38,"2122","Cutter",74,29.05,2.7,-3.7,9,0,89,59,"0.00",396
"334","2019/08/31","CH","87.1","Josh Donaldson","ATL","line_drive",8,"410",111.1,22,"1625","Changeup",77,29.08,2.8,-0.5,12,0,89,64,"0.00",410
"335","2019/09/01","CH","81.3","Freddie Freeman","ATL","fly_ball",1,"380",103.8,26.4,"1557","Changeup",79,29.07,3.4,1.7,14,0,89,68,"0.00",380
"336","2019/09/01","FF","96.6","Freddie Freeman","ATL","fly_ball",6,"410",105.6,29.7,"2570","4-Seam Fastball",79,29.07,3.4,1.7,14,0,89,68,"0.00",410
"337","2019/09/02","CU","80.9","Johan Camargo","ATL","line_drive",8,"360",109.4,19.2,"2644","Curveball",80,29,2.9,2.9,15,0,93,67,"0.00",360
"338","2019/09/02","FT","91.3","Josh Donaldson","ATL","fly_ball",1,"394",99.8,31.8,"2010","2-Seam Fastball",80,29,2.9,2.9,15,0,93,67,"0.00",394
"339","2019/09/05","FT","94.8","Ronald Acuna Jr.","ATL","fly_ball",5,"389",107.2,28.8,"2219","2-Seam Fastball",83,28.86,10.4,6.5,18,0,93,72,"0.00",389
"340","2019/09/06","CU","81.4","Josh Donaldson","ATL","fly_ball",7,"408",103.2,24.5,"2809","Curveball",79,28.87,6.6,2.8,14,0,93,65,"0.00",408
"341","2019/09/06","SL","82.1","Ozzie Albies","ATL","fly_ball",3,"417",106,32.3,"2370","Slider",79,28.87,6.6,2.8,14,0,93,65,"0.00",417
"342","2019/09/07","FF","97.3","Brian McCann","ATL","fly_ball",6,"413",103.8,24.8,"2431","4-Seam Fastball",81,28.9,5.8,5,16,0,95,67,"0.00",413
"343","2019/09/07","FF","93.3","Josh Donaldson","ATL","fly_ball",4,"443",111.1,26.8,"2125","4-Seam Fastball",81,28.9,5.8,5,16,0,95,67,"0.00",443
"344","2019/09/07","FF","93.8","Ozzie Albies","ATL","fly_ball",1,"349",92.7,32.3,"2153","4-Seam Fastball",81,28.9,5.8,5,16,0,95,67,"0.00",349
"345","2019/09/07","FF","95.4","Matt Joyce","ATL","fly_ball",6,"358",101.4,41.3,"2192","4-Seam Fastball",81,28.9,5.8,5,16,0,95,67,"0.00",358
"346","2019/09/08","FF","92.7","Charlie Culberson","ATL","fly_ball",9,"437",106.4,23.5,"2068","4-Seam Fastball",79,28.96,2.7,3.3,14,0,94,63,"0.00",437
"347","2019/09/08","FC","90.2","Matt Joyce","ATL","fly_ball",2,"382",98.7,34.1,"2490","Cutter",79,28.96,2.7,3.3,14,0,94,63,"0.00",382
"348","2019/09/17","FC","86.6","Adeiny Hechavarria","ATL","fly_ball",8,"373",99.9,34.4,"2436","Cutter",82,28.94,2.6,9,17,0,96,67,"T",373
"349","2019/09/17","FF","96.4","Adam Duvall","ATL","fly_ball",9,"425",112.3,27.7,"2499","4-Seam Fastball",82,28.94,2.6,9,17,0,96,67,"T",425
"350","2019/09/19","FF","93.8","Austin Riley","ATL","fly_ball",6,"403",103.6,25.1,"2271","4-Seam Fastball",73,29.11,4.9,0.7,8,0,79,66,"0.00",403
"351","2019/09/19","FF","91.7","Ronald Acuna Jr.","ATL","fly_ball",3,"432",112.1,31.9,"2090","4-Seam Fastball",73,29.11,4.9,0.7,8,0,79,66,"0.00",432
"352","2019/09/20","FF","95.5","Brian McCann","ATL","fly_ball",6,"383",98.4,31.1,"2249","4-Seam Fastball",71,29.21,3.4,-0.9,6,0,81,60,"0.00",383
"353","2019/09/20","CU","80.2","Ronald Acuna Jr.","ATL","fly_ball",5,"403",107.9,30,"2296","Curveball",71,29.21,3.4,-0.9,6,0,81,60,"0.00",403
"354","2019/09/21","FF","96.5","Adam Duvall","ATL","fly_ball",7,"427",106.9,30.6,"2387","4-Seam Fastball",72,29.21,2.6,0.4,7,0,86,57,"0.00",427
"355","2019/09/21","FF","88.1","Francisco Cervelli","ATL","fly_ball",5,"388",99.4,27.1,"2037","4-Seam Fastball",72,29.21,2.6,0.4,7,0,86,57,"0.00",388
"356","2019/10/03","FF","98.6","Freddie Freeman","ATL","fly_ball",9,"460",109.7,27.6,"2104","4-Seam Fastball",83,28.97,2.7,16,18,0,97,68,"0.00",460
"357","2019/10/03","FT","96.9","Ronald Acuna Jr.","ATL","fly_ball",9,"455",109.2,27.1,"2118","2-Seam Fastball",83,28.97,2.7,16,18,0,97,68,"0.00",455
"358","2019/10/04","FF","95.8","Adam Duvall","ATL","fly_ball",7,"423",105.1,32.7,"2283","4-Seam Fastball",81,28.97,3.5,14.4,16,0,97,65,"0.00",423
"359","2019/10/09","SL","88.3","Josh Donaldson","ATL","fly_ball",4,"421",104.2,26.3,"2552","Slider",68,29.05,4.4,3.3,3,0,74,61,"0.00",421
